https://support-stage.allizom.org/security-error-ar,https://support-stage.allizom.org/t5/Fix-slowness-crashing-error/How-to-troubleshoot-the-error-code-quot-SEC-ERROR-UNKNOWN-ISSUER/ta-p/35758
https://support-stage.allizom.org/security-error-de,https://support-stage.allizom.org/t5/Probleme-beheben/Wie-Sie-die-Fehlermeldung-SEC-ERROR-UNKNOWN-ISSUER-auf-sicheren/ta-p/37512
https://support-stage.allizom.org/security-error-fi,https://support-stage.allizom.org/t5/Fix-slowness-crashing-error/How-to-troubleshoot-the-error-code-quot-SEC-ERROR-UNKNOWN-ISSUER/ta-p/35758
https://support-stage.allizom.org/security-error-sk,https://support-stage.allizom.org/t5/Fix-slowness-crashing-error/How-to-troubleshoot-the-error-code-quot-SEC-ERROR-UNKNOWN-ISSUER/ta-p/35758
https://support-stage.allizom.org/security-error-tr,https://support-stage.allizom.org/t5/Fix-slowness-crashing-error/How-to-troubleshoot-the-error-code-quot-SEC-ERROR-UNKNOWN-ISSUER/ta-p/35758
https://support-stage.allizom.org/security-error-vi,https://support-stage.allizom.org/t5/Fix-slowness-crashing-error/How-to-troubleshoot-the-error-code-quot-SEC-ERROR-UNKNOWN-ISSUER/ta-p/35758
https://support-stage.allizom.org/kb/firefox-osx-bg,https://support-stage.allizom.org/t5/Fix-slowness-crashing-error/How-to-troubleshoot-the-error-code-quot-SEC-ERROR-UNKNOWN-ISSUER/ta-p/35758
https://support-stage.allizom.org/kb/tab-groups-removal-cy,https://support-stage.allizom.org/t5/Basic-Browsing/Tab-Groups-feature-discontinued/ta-p/28613
https://support-stage.allizom.org/kb/tab-groups-removal-el,https://support-stage.allizom.org/t5/Basic-Browsing/Tab-Groups-feature-discontinued/ta-p/28613
https://support-stage.allizom.org/kb/tab-groups-removal-en-GB,https://support-stage.allizom.org/t5/Basic-Browsing/Tab-Groups-feature-discontinued/ta-p/28613
https://support-stage.allizom.org/kb/tab-groups-removal-en-US,https://support-stage.allizom.org/t5/Basic-Browsing/Tab-Groups-feature-discontinued/ta-p/28613
https://support-stage.allizom.org/kb/tab-groups-removal-en-ZA,https://support-stage.allizom.org/t5/Basic-Browsing/Tab-Groups-feature-discontinued/ta-p/28613
https://support-stage.allizom.org/kb/tab-groups-removal-eo,https://support-stage.allizom.org/t5/Basic-Browsing/Tab-Groups-feature-discontinued/ta-p/28613
https://support-stage.allizom.org/kb/tab-groups-removal-et,https://support-stage.allizom.org/t5/Basic-Browsing/Tab-Groups-feature-discontinued/ta-p/28613
https://support-stage.allizom.org/kb/tab-groups-removal-eu,https://support-stage.allizom.org/t5/Basic-Browsing/Tab-Groups-feature-discontinued/ta-p/28613
https://support-stage.allizom.org/kb/tab-groups-removal-fa,https://support-stage.allizom.org/t5/Basic-Browsing/Tab-Groups-feature-discontinued/ta-p/28613
https://support-stage.allizom.org/kb/tab-groups-removal-ff,https://support-stage.allizom.org/t5/Basic-Browsing/Tab-Groups-feature-discontinued/ta-p/28613
https://support-stage.allizom.org/kb/tab-groups-removal-fi,https://support-stage.allizom.org/t5/Basic-Browsing/Tab-Groups-feature-discontinued/ta-p/28613
https://support-stage.allizom.org/kb/tab-groups-removal-fy-NL,https://support-stage.allizom.org/t5/Basic-Browsing/Tab-Groups-feature-discontinued/ta-p/28613
https://support-stage.allizom.org/kb/tab-groups-removal-ga-IE,https://support-stage.allizom.org/t5/Basic-Browsing/Tab-Groups-feature-discontinued/ta-p/28613
https://support-stage.allizom.org/kb/tab-groups-removal-gd,https://support-stage.allizom.org/t5/Basic-Browsing/Tab-Groups-feature-discontinued/ta-p/28613
https://support-stage.allizom.org/kb/tab-groups-removal-gl,https://support-stage.allizom.org/t5/Basic-Browsing/Tab-Groups-feature-discontinued/ta-p/28613
https://support-stage.allizom.org/kb/tab-groups-removal-gn,https://support-stage.allizom.org/t5/Basic-Browsing/Tab-Groups-feature-discontinued/ta-p/28613
https://support-stage.allizom.org/kb/tab-groups-removal-gu-IN,https://support-stage.allizom.org/t5/Basic-Browsing/Tab-Groups-feature-discontinued/ta-p/28613
https://support-stage.allizom.org/kb/tab-groups-removal-he,https://support-stage.allizom.org/t5/Basic-Browsing/Tab-Groups-feature-discontinued/ta-p/28613
https://support-stage.allizom.org/kb/tab-groups-removal-hi-IN,https://support-stage.allizom.org/t5/Basic-Browsing/Tab-Groups-feature-discontinued/ta-p/28613
https://support-stage.allizom.org/kb/tab-groups-removal-hr,https://support-stage.allizom.org/t5/Basic-Browsing/Wotstronjenje-funkcije-rajtarkowych-skupinow/ta-p/38139
https://support-stage.allizom.org/kb/tab-groups-removal-hsb,https://support-stage.allizom.org/t5/Basic-Browsing/Tab-Groups-feature-discontinued/ta-p/28613
https://support-stage.allizom.org/kb/tab-groups-removal-hy-AM,https://support-stage.allizom.org/t5/Basic-Browsing/Tab-Groups-feature-discontinued/ta-p/28613
https://support-stage.allizom.org/kb/tab-groups-removal-id,https://support-stage.allizom.org/t5/Basic-Browsing/Tab-Groups-feature-discontinued/ta-p/28613
https://support-stage.allizom.org/kb/tab-groups-removal-is,https://support-stage.allizom.org/t5/Basic-Browsing/Tab-Groups-feature-discontinued/ta-p/28613
https://support-stage.allizom.org/kb/tab-groups-removal-ka,https://support-stage.allizom.org/t5/Basic-Browsing/Tab-Groups-feature-discontinued/ta-p/28613
https://support-stage.allizom.org/kb/tab-groups-removal-kab,https://support-stage.allizom.org/t5/Basic-Browsing/Tab-Groups-feature-discontinued/ta-p/28613
https://support-stage.allizom.org/kb/tab-groups-removal-kk,https://support-stage.allizom.org/t5/Basic-Browsing/Tab-Groups-feature-discontinued/ta-p/28613
https://support-stage.allizom.org/kb/tab-groups-removal-km,https://support-stage.allizom.org/t5/Basic-Browsing/Tab-Groups-feature-discontinued/ta-p/28613
https://support-stage.allizom.org/kb/tab-groups-removal-kn,https://support-stage.allizom.org/t5/Basic-Browsing/Tab-Groups-feature-discontinued/ta-p/28613
https://support-stage.allizom.org/kb/tab-groups-removal-lij,https://support-stage.allizom.org/t5/Basic-Browsing/Tab-Groups-feature-discontinued/ta-p/28613
https://support-stage.allizom.org/kb/tab-groups-removal-lt,https://support-stage.allizom.org/t5/Basic-Browsing/Tab-Groups-feature-discontinued/ta-p/28613
https://support-stage.allizom.org/kb/tab-groups-removal-lv,https://support-stage.allizom.org/t5/Basic-Browsing/Tab-Groups-feature-discontinued/ta-p/28613
https://support-stage.allizom.org/kb/tab-groups-removal-mai,https://support-stage.allizom.org/t5/Basic-Browsing/Tab-Groups-feature-discontinued/ta-p/28613
https://support-stage.allizom.org/kb/tab-groups-removal-mk,https://support-stage.allizom.org/t5/Basic-Browsing/Tab-Groups-feature-discontinued/ta-p/28613
https://support-stage.allizom.org/kb/tab-groups-removal-ml,https://support-stage.allizom.org/t5/Basic-Browsing/Tab-Groups-feature-discontinued/ta-p/28613
https://support-stage.allizom.org/kb/tab-groups-removal-mr,https://support-stage.allizom.org/t5/Basic-Browsing/Tab-Groups-feature-discontinued/ta-p/28613
https://support-stage.allizom.org/kb/tab-groups-removal-ms,https://support-stage.allizom.org/t5/Basic-Browsing/Tab-Groups-feature-discontinued/ta-p/28613
https://support-stage.allizom.org/kb/tab-groups-removal-nb-NO,https://support-stage.allizom.org/t5/Basic-Browsing/Tab-Groups-feature-discontinued/ta-p/28613
https://support-stage.allizom.org/kb/tab-groups-removal-nn-NO,https://support-stage.allizom.org/t5/Basic-Browsing/Tab-Groups-feature-discontinued/ta-p/28613
https://support-stage.allizom.org/kb/tab-groups-removal-or,https://support-stage.allizom.org/t5/Basic-Browsing/Tab-Groups-feature-discontinued/ta-p/28613
https://support-stage.allizom.org/kb/tab-groups-removal-pa-IN,https://support-stage.allizom.org/t5/Basic-Browsing/Tab-Groups-feature-discontinued/ta-p/28613
https://support-stage.allizom.org/kb/tab-groups-removal-rm,https://support-stage.allizom.org/t5/Basic-Browsing/Tab-Groups-feature-discontinued/ta-p/28613
https://support-stage.allizom.org/kb/tab-groups-removal-ro,https://support-stage.allizom.org/t5/Basic-Browsing/Tab-Groups-feature-discontinued/ta-p/28613
https://support-stage.allizom.org/kb/tab-groups-removal-si,https://support-stage.allizom.org/t5/Basic-Browsing/Tab-Groups-feature-discontinued/ta-p/28613
https://support-stage.allizom.org/kb/tab-groups-removal-sk,https://support-stage.allizom.org/t5/Basic-Browsing/Tab-Groups-feature-discontinued/ta-p/28613
https://support-stage.allizom.org/kb/tab-groups-removal-sl,https://support-stage.allizom.org/t5/Osnove-brskanja/Odstranitev-mo%C5%BEnosti-skupin-zavihkov/ta-p/35926
https://support-stage.allizom.org/kb/tab-groups-removal-son,https://support-stage.allizom.org/t5/Basic-Browsing/Tab-Groups-feature-discontinued/ta-p/28613
https://support-stage.allizom.org/kb/tab-groups-removal-sq,https://support-stage.allizom.org/t5/Basic-Browsing/Tab-Groups-feature-discontinued/ta-p/28613
https://support-stage.allizom.org/kb/tab-groups-removal-sr,https://support-stage.allizom.org/t5/Basic-Browsing/Tab-Groups-feature-discontinued/ta-p/28613
https://support-stage.allizom.org/kb/tab-groups-removal-sv-SE,https://support-stage.allizom.org/t5/Basic-Browsing/Tab-Groups-feature-discontinued/ta-p/28613
https://support-stage.allizom.org/kb/tab-groups-removal-ta,https://support-stage.allizom.org/t5/Basic-Browsing/Tab-Groups-feature-discontinued/ta-p/28613
https://support-stage.allizom.org/kb/tab-groups-removal-th,https://support-stage.allizom.org/t5/Basic-Browsing/Tab-Groups-feature-discontinued/ta-p/28613
https://support-stage.allizom.org/kb/tab-groups-removal-uk,https://support-stage.allizom.org/t5/Basic-Browsing/Tab-Groups-feature-discontinued/ta-p/28613
https://support-stage.allizom.org/kb/tab-groups-removal-uz,https://support-stage.allizom.org/t5/Basic-Browsing/Tab-Groups-feature-discontinued/ta-p/28613
https://support-stage.allizom.org/kb/tab-groups-removal-vi,https://support-stage.allizom.org/t5/Basic-Browsing/Tab-Groups-feature-discontinued/ta-p/28613
https://support-stage.allizom.org/kb/tab-groups-removal-xh,https://support-stage.allizom.org/t5/Basic-Browsing/Tab-Groups-feature-discontinued/ta-p/28613
https://support-stage.allizom.org/kb/insecure-password-warning-firefox-id,https://support-stage.allizom.org/t5/Protect-your-privacy/Insecure-password-warning-in-Firefox/ta-p/27861
https://support-stage.allizom.org/kb/insecure-password-warning-firefox-sl,https://support-stage.allizom.org/t5/Protect-your-privacy/Insecure-password-warning-in-Firefox/ta-p/27861
https://support-stage.allizom.org/kb/insecure-password-warning-firefox-zh-CN,https://support-stage.allizom.org/t5/Protect-your-privacy/Insecure-password-warning-in-Firefox/ta-p/27861
https://support-stage.allizom.org/kb/Options%20window%20-%20Advanced%20panel-es-AR#advanced_update,https://support-stage.allizom.org/t5/Administrar-preferencias-y/Configuraciones-avanzadas-de-accesibilidad-navegaci%C3%B3n-opciones/ta-p/8709#w_pestaaga-actualizar
https://support-stage.allizom.org/kb/Options%20window%20-%20Advanced%20panel-es-CL#advanced_update,https://support-stage.allizom.org/t5/Administrar-preferencias-y/Configuraciones-avanzadas-de-accesibilidad-navegaci%C3%B3n-opciones/ta-p/8709#w_pestaaga-actualizar
https://support-stage.allizom.org/kb/Options%20window%20-%20Advanced%20panel-es-ES#advanced_update,https://support-stage.allizom.org/t5/Administrar-preferencias-y/Configuraciones-avanzadas-de-accesibilidad-navegaci%C3%B3n-opciones/ta-p/8709#w_pestaaga-actualizar
https://support-stage.allizom.org/kb/Options%20window%20-%20Advanced%20panel-es-MX#advanced_update,https://support-stage.allizom.org/t5/Administrar-preferencias-y/Configuraciones-avanzadas-de-accesibilidad-navegaci%C3%B3n-opciones/ta-p/8709#w_pestaaga-actualizar
https://support-stage.allizom.org/kb/Options%20window%20-%20Advanced%20panel-it#advanced_update,https://support-stage.allizom.org/t5/Manage-preferences-and-add-ons/Impostazioni-di-Firefox-pannello-Avanzate/ta-p/5191#w_aggiornamenti
https://support-stage.allizom.org/kb/Options%20window%20-%20Advanced%20panel-ja#advanced_update,https://support-stage.allizom.org/t5/Manage-preferences-and-add-ons/%E8%A9%B3%E7%B4%B0%E8%A8%AD%E5%AE%9A-Firefox-%E3%81%AE%E3%82%A2%E3%82%AF%E3%82%BB%E3%82%B7%E3%83%93%E3%83%AA%E3%83%86%E3%82%A3-%E3%83%96%E3%83%A9%E3%82%A6%E3%82%B8%E3%83%B3%E3%82%B0-%E3%83%8D%E3%83%83%E3%83%88%E3%83%AF%E3%83%BC%E3%82%AF-%E6%9B%B4%E6%96%B0-%E3%81%9D%E3%81%AE%E4%BB%96/ta-p/5507#w_uiiualci
https://support-stage.allizom.org/kb/Options%20window%20-%20Advanced%20panel-ja-JP-mac#advanced_update,https://support-stage.allizom.org/t5/Manage-preferences-and-add-ons/%E8%A9%B3%E7%B4%B0%E8%A8%AD%E5%AE%9A-Firefox-%E3%81%AE%E3%82%A2%E3%82%AF%E3%82%BB%E3%82%B7%E3%83%93%E3%83%AA%E3%83%86%E3%82%A3-%E3%83%96%E3%83%A9%E3%82%A6%E3%82%B8%E3%83%B3%E3%82%B0-%E3%83%8D%E3%83%83%E3%83%88%E3%83%AF%E3%83%BC%E3%82%AF-%E6%9B%B4%E6%96%B0-%E3%81%9D%E3%81%AE%E4%BB%96/ta-p/5507#w_uiiualci
https://support-stage.allizom.org/kb/Options%20window%20-%20Advanced%20panel-cs#advanced_network,https://support-stage.allizom.org/t5/Spr%C3%A1va-p%C5%99edvoleb-a-dopl%C5%88k%C5%AF/Nastaven%C3%AD-Firefoxu-sekce-Roz%C5%A1%C3%AD%C5%99en%C3%A9/ta-p/10160#w_podsekce-aktualizace
https://support-stage.allizom.org/kb/Options%20window%20-%20Advanced%20panel-es-AR#advanced_network,https://support-stage.allizom.org/t5/Administrar-preferencias-y/Configuraciones-avanzadas-de-accesibilidad-navegaci%C3%B3n-opciones/ta-p/8709#w_pestaaga-red
https://support-stage.allizom.org/kb/Options%20window%20-%20Advanced%20panel-es-CL#advanced_network,https://support-stage.allizom.org/t5/Administrar-preferencias-y/Configuraciones-avanzadas-de-accesibilidad-navegaci%C3%B3n-opciones/ta-p/8709#w_pestaaga-red
https://support-stage.allizom.org/kb/Options%20window%20-%20Advanced%20panel-es-ES#advanced_network,https://support-stage.allizom.org/t5/Administrar-preferencias-y/Configuraciones-avanzadas-de-accesibilidad-navegaci%C3%B3n-opciones/ta-p/8709#w_pestaaga-red
https://support-stage.allizom.org/kb/Options%20window%20-%20Advanced%20panel-es-MX#advanced_network,https://support-stage.allizom.org/t5/Administrar-preferencias-y/Configuraciones-avanzadas-de-accesibilidad-navegaci%C3%B3n-opciones/ta-p/8709#w_pestaaga-red
https://support-stage.allizom.org/kb/Options%20window%20-%20Advanced%20panel-ja#advanced_network,https://support-stage.allizom.org/t5/Manage-preferences-and-add-ons/%E8%A9%B3%E7%B4%B0%E8%A8%AD%E5%AE%9A-Firefox-%E3%81%AE%E3%82%A2%E3%82%AF%E3%82%BB%E3%82%B7%E3%83%93%E3%83%AA%E3%83%86%E3%82%A3-%E3%83%96%E3%83%A9%E3%82%A6%E3%82%B8%E3%83%B3%E3%82%B0-%E3%83%8D%E3%83%83%E3%83%88%E3%83%AF%E3%83%BC%E3%82%AF-%E6%9B%B4%E6%96%B0-%E3%81%9D%E3%81%AE%E4%BB%96/ta-p/5507#w_cucccncgckagalci
https://support-stage.allizom.org/kb/Options%20window%20-%20Advanced%20panel-ja-JP-mac#advanced_network,https://support-stage.allizom.org/t5/Manage-preferences-and-add-ons/%E8%A9%B3%E7%B4%B0%E8%A8%AD%E5%AE%9A-Firefox-%E3%81%AE%E3%82%A2%E3%82%AF%E3%82%BB%E3%82%B7%E3%83%93%E3%83%AA%E3%83%86%E3%82%A3-%E3%83%96%E3%83%A9%E3%82%A6%E3%82%B8%E3%83%B3%E3%82%B0-%E3%83%8D%E3%83%83%E3%83%88%E3%83%AF%E3%83%BC%E3%82%AF-%E6%9B%B4%E6%96%B0-%E3%81%9D%E3%81%AE%E4%BB%96/ta-p/5507#w_cucccncgckagalci
https://support-stage.allizom.org/kb/Options%20window%20-%20Advanced%20panel-pl#advanced_network,https://support-stage.allizom.org/t5/Manage-preferences-and-add-ons/Okno-opcji-panel-Zaawansowane/ta-p/12480#w_sieli
https://support-stage.allizom.org/kb/Options%20window%20-%20Advanced%20panel-ru#advanced_network,https://support-stage.allizom.org/t5/Manage-preferences-and-add-ons/%D0%9F%D0%B0%D0%BD%D0%B5%D0%BB%D1%8C-%D0%94%D0%BE%D0%BF%D0%BE%D0%BB%D0%BD%D0%B8%D1%82%D0%B5%D0%BB%D1%8C%D0%BD%D1%8B%D0%B5-%D0%94%D0%BE%D1%81%D1%82%D1%83%D0%BF%D0%BD%D0%BE%D1%81%D1%82%D1%8C-%D0%B2%D0%B5%D0%B1-%D1%81%D1%91%D1%80%D1%84%D0%B8%D0%BD%D0%B3-%D1%81%D0%B5%D1%82%D1%8C-%D0%BE%D0%B1%D0%BD%D0%BE%D0%B2%D0%BB%D0%B5%D0%BD%D0%B8%D1%8F-%D0%B8/ta-p/10288#w_cjkuiju-eaiauk
https://support-stage.allizom.org/kb/Options%20window%20-%20Advanced%20panel-ja,https://support-stage.allizom.org/t5/Manage-preferences-and-add-ons/%E8%A9%B3%E7%B4%B0%E8%A8%AD%E5%AE%9A-Firefox-%E3%81%AE%E3%82%A2%E3%82%AF%E3%82%BB%E3%82%B7%E3%83%93%E3%83%AA%E3%83%86%E3%82%A3-%E3%83%96%E3%83%A9%E3%82%A6%E3%82%B8%E3%83%B3%E3%82%B0-%E3%83%8D%E3%83%83%E3%83%88%E3%83%AF%E3%83%BC%E3%82%AF-%E6%9B%B4%E6%96%B0-%E3%81%9D%E3%81%AE%E4%BB%96/ta-p/5507
https://support-stage.allizom.org/kb/Options%20window%20-%20Advanced%20panel-ja-JP-mac,https://support-stage.allizom.org/t5/Manage-preferences-and-add-ons/%E8%A9%B3%E7%B4%B0%E8%A8%AD%E5%AE%9A-Firefox-%E3%81%AE%E3%82%A2%E3%82%AF%E3%82%BB%E3%82%B7%E3%83%93%E3%83%AA%E3%83%86%E3%82%A3-%E3%83%96%E3%83%A9%E3%82%A6%E3%82%B8%E3%83%B3%E3%82%B0-%E3%83%8D%E3%83%83%E3%83%88%E3%83%AF%E3%83%BC%E3%82%AF-%E6%9B%B4%E6%96%B0-%E3%81%9D%E3%81%AE%E4%BB%96/ta-p/5507
https://support-stage.allizom.org/kb/Options%20window%20-%20Security%20panel-ja,https://support-stage.allizom.org/t5/Manage-preferences-and-add-ons/%E3%82%BB%E3%82%AD%E3%83%A5%E3%83%AA%E3%83%86%E3%82%A3%E8%A8%AD%E5%AE%9A-%E3%82%BB%E3%82%AD%E3%83%A5%E3%83%AA%E3%83%86%E3%82%A3%E3%81%A8%E3%83%91%E3%82%B9%E3%83%AF%E3%83%BC%E3%83%89/ta-p/15218
https://support-stage.allizom.org/kb/Options%20window%20-%20Security%20panel-ja-JP-mac,https://support-stage.allizom.org/t5/Manage-preferences-and-add-ons/%E3%82%BB%E3%82%AD%E3%83%A5%E3%83%AA%E3%83%86%E3%82%A3%E8%A8%AD%E5%AE%9A-%E3%82%BB%E3%82%AD%E3%83%A5%E3%83%AA%E3%83%86%E3%82%A3%E3%81%A8%E3%83%91%E3%82%B9%E3%83%AF%E3%83%BC%E3%83%89/ta-p/15218
https://support-stage.allizom.org/kb/Options%20window%20-%20Content%20panel-ja,https://support-stage.allizom.org/t5/Manage-preferences-and-add-ons/%E3%82%B3%E3%83%B3%E3%83%86%E3%83%B3%E3%83%84%E8%A8%AD%E5%AE%9A-%E3%82%A6%E3%82%A7%E3%83%96%E3%82%B3%E3%83%B3%E3%83%86%E3%83%B3%E3%83%84-%E3%83%9D%E3%83%83%E3%83%97%E3%82%A2%E3%83%83%E3%83%97-%E3%83%95%E3%82%A9%E3%83%B3%E3%83%88-%E8%A8%80%E8%AA%9E/ta-p/15154#w_ahchcichceeggo
https://support-stage.allizom.org/kb/Options%20window%20-%20Content%20panel-ja-JP-mac,https://support-stage.allizom.org/t5/Manage-preferences-and-add-ons/%E3%82%B3%E3%83%B3%E3%83%86%E3%83%B3%E3%83%84%E8%A8%AD%E5%AE%9A-%E3%82%A6%E3%82%A7%E3%83%96%E3%82%B3%E3%83%B3%E3%83%86%E3%83%B3%E3%83%84-%E3%83%9D%E3%83%83%E3%83%97%E3%82%A2%E3%83%83%E3%83%97-%E3%83%95%E3%82%A9%E3%83%B3%E3%83%88-%E8%A8%80%E8%AA%9E/ta-p/15154#w_ahchcichceeggo
https://support-stage.allizom.org/kb/Options%20window%20-%20Content%20panel-ar#languages,https://support-stage.allizom.org/t5/Manage-preferences-and-add-ons/Settings-for-web-content-pop-ups-fonts-and-languages/ta-p/1113#w_languages
https://support-stage.allizom.org/kb/Options%20window%20-%20Content%20panel-dsb#languages,https://support-stage.allizom.org/t5/Manage-preferences-and-add-ons/Wobsah-Nastajenja-za-wuskakowace-wokna-pisma-a-r%C4%9B%C4%8De/ta-p/35099#w_rlulue
https://support-stage.allizom.org/kb/Options%20window%20-%20Content%20panel-fa#languages,https://support-stage.allizom.org/t5/Manage-preferences-and-add-ons/Settings-for-web-content-pop-ups-fonts-and-languages/ta-p/1113#w_languages
https://support-stage.allizom.org/kb/Options%20window%20-%20Content%20panel-hr#languages,https://support-stage.allizom.org/t5/Manage-preferences-and-add-ons/Wobsah-Nastajenja-za-wuskakowace-wokna-pisma-a-r%C4%9B%C4%8De/ta-p/35099#w_rlulue
https://support-stage.allizom.org/kb/Options%20window%20-%20Content%20panel-hsb#languages,https://support-stage.allizom.org/t5/Manage-preferences-and-add-ons/Wop%C5%9Bimje%C5%9Be-Wuskokujuce-wokna-pisma-a-r%C4%9Bcy/ta-p/35120
https://support-stage.allizom.org/kb/Options%20window%20-%20Content%20panel-ja#languages,https://support-stage.allizom.org/t5/Manage-preferences-and-add-ons/%E3%82%B3%E3%83%B3%E3%83%86%E3%83%B3%E3%83%84%E8%A8%AD%E5%AE%9A-%E3%82%A6%E3%82%A7%E3%83%96%E3%82%B3%E3%83%B3%E3%83%86%E3%83%B3%E3%83%84-%E3%83%9D%E3%83%83%E3%83%97%E3%82%A2%E3%83%83%E3%83%97-%E3%83%95%E3%82%A9%E3%83%B3%E3%83%88-%E8%A8%80%E8%AA%9E/ta-p/15154#w_eaez
https://support-stage.allizom.org/kb/Options%20window%20-%20Content%20panel-ja-JP-mac#languages,https://support-stage.allizom.org/t5/Manage-preferences-and-add-ons/%E3%82%B3%E3%83%B3%E3%83%86%E3%83%B3%E3%83%84%E8%A8%AD%E5%AE%9A-%E3%82%A6%E3%82%A7%E3%83%96%E3%82%B3%E3%83%B3%E3%83%86%E3%83%B3%E3%83%84-%E3%83%9D%E3%83%83%E3%83%97%E3%82%A2%E3%83%83%E3%83%97-%E3%83%95%E3%82%A9%E3%83%B3%E3%83%88-%E8%A8%80%E8%AA%9E/ta-p/15154#w_eaez
https://support-stage.allizom.org/kb/Options%20window%20-%20Content%20panel-nl#languages,https://support-stage.allizom.org/t5/Manage-preferences-and-add-ons/Instellingen-voor-webinhoud-pop-ups-lettertypen-en-talen/ta-p/7428#w_talen
https://support-stage.allizom.org/kb/Options%20window%20-%20Content%20panel-te#languages,https://support-stage.allizom.org/t5/Manage-preferences-and-add-ons/%E0%B0%B5%E0%B1%86%E0%B0%AC%E0%B1%8D-%E0%B0%95%E0%B0%82%E0%B0%9F%E0%B1%86%E0%B0%82%E0%B0%9F%E0%B1%8D-%E0%B0%AA%E0%B0%BE%E0%B0%AA%E0%B1%8D-%E0%B0%85%E0%B0%AA%E0%B1%8D-%E0%B0%B2%E0%B1%81-%E0%B0%AB%E0%B0%BE%E0%B0%82%E0%B0%9F%E0%B1%8D%E0%B0%B2%E0%B1%81-%E0%B0%AE%E0%B0%B0%E0%B0%BF%E0%B0%AF%E0%B1%81-%E0%B0%AD%E0%B0%BE%E0%B0%B7%E0%B0%B2-%E0%B0%95%E0%B1%8B%E0%B0%B8%E0%B0%82-%E0%B0%B8%E0%B1%86%E0%B0%9F%E0%B1%8D%E0%B0%9F%E0%B0%BF%E0%B0%82%E0%B0%97%E0%B1%81%E0%B0%B2%E0%B1%81/ta-p/38516
https://support-stage.allizom.org/kb/Options%20window%20-%20Content%20panel-ar#advanced_javascript,https://support-stage.allizom.org/t5/Manage-preferences-and-add-ons/%D8%AA%D9%86%D8%B8%DB%8C%D9%85%D8%A7%D8%AA-%D8%A8%D8%B1%D8%A7%DB%8C-%D9%81%D9%88%D9%86%D8%AA-%D9%87%D8%A7-%D8%B2%D8%A8%D8%A7%D9%86-%D9%87%D8%A7-%D9%88-%D9%BE%D9%86%D8%AC%D8%B1%D9%87-%D9%87%D8%A7%DB%8C-%D8%A8%D8%A7%D8%B2%D8%B4%D9%88/ta-p/29789
https://support-stage.allizom.org/kb/Options%20window%20-%20Content%20panel-dsb#advanced_javascript,https://support-stage.allizom.org/t5/Manage-preferences-and-add-ons/Wobsah-Nastajenja-za-wuskakowace-wokna-pisma-a-r%C4%9B%C4%8De/ta-p/35099
https://support-stage.allizom.org/kb/Options%20window%20-%20Content%20panel-fa#advanced_javascript,https://support-stage.allizom.org/t5/Manage-preferences-and-add-ons/Settings-for-web-content-pop-ups-fonts-and-languages/ta-p/1113
https://support-stage.allizom.org/kb/Options%20window%20-%20Content%20panel-hr#advanced_javascript,https://support-stage.allizom.org/t5/Manage-preferences-and-add-ons/Settings-for-web-content-pop-ups-fonts-and-languages/ta-p/1113
https://support-stage.allizom.org/kb/Options%20window%20-%20Content%20panel-hsb#advanced_javascript,https://support-stage.allizom.org/t5/Manage-preferences-and-add-ons/Wobsah-Nastajenja-za-wuskakowace-wokna-pisma-a-r%C4%9B%C4%8De/ta-p/35099
https://support-stage.allizom.org/kb/Options%20window%20-%20Content%20panel-ja#advanced_javascript,https://support-stage.allizom.org/t5/Manage-preferences-and-add-ons/%E3%82%B3%E3%83%B3%E3%83%86%E3%83%B3%E3%83%84%E8%A8%AD%E5%AE%9A-%E3%82%A6%E3%82%A7%E3%83%96%E3%82%B3%E3%83%B3%E3%83%86%E3%83%B3%E3%83%84-%E3%83%9D%E3%83%83%E3%83%97%E3%82%A2%E3%83%83%E3%83%97-%E3%83%95%E3%82%A9%E3%83%B3%E3%83%88-%E8%A8%80%E8%AA%9E/ta-p/15154
https://support-stage.allizom.org/kb/Options%20window%20-%20Content%20panel-ja-JP-mac#advanced_javascript,https://support-stage.allizom.org/t5/Manage-preferences-and-add-ons/%E3%82%B3%E3%83%B3%E3%83%86%E3%83%B3%E3%83%84%E8%A8%AD%E5%AE%9A-%E3%82%A6%E3%82%A7%E3%83%96%E3%82%B3%E3%83%B3%E3%83%86%E3%83%B3%E3%83%84-%E3%83%9D%E3%83%83%E3%83%97%E3%82%A2%E3%83%83%E3%83%97-%E3%83%95%E3%82%A9%E3%83%B3%E3%83%88-%E8%A8%80%E8%AA%9E/ta-p/15154
https://support-stage.allizom.org/kb/Options%20window%20-%20Content%20panel-nl#advanced_javascript,https://support-stage.allizom.org/t5/Manage-preferences-and-add-ons/Instellingen-voor-webinhoud-pop-ups-lettertypen-en-talen/ta-p/7428
https://support-stage.allizom.org/kb/Options%20window%20-%20Content%20panel-te#advanced_javascript,https://support-stage.allizom.org/t5/Manage-preferences-and-add-ons/%E0%B0%B5%E0%B1%86%E0%B0%AC%E0%B1%8D-%E0%B0%95%E0%B0%82%E0%B0%9F%E0%B1%86%E0%B0%82%E0%B0%9F%E0%B1%8D-%E0%B0%AA%E0%B0%BE%E0%B0%AA%E0%B1%8D-%E0%B0%85%E0%B0%AA%E0%B1%8D-%E0%B0%B2%E0%B1%81-%E0%B0%AB%E0%B0%BE%E0%B0%82%E0%B0%9F%E0%B1%8D%E0%B0%B2%E0%B1%81-%E0%B0%AE%E0%B0%B0%E0%B0%BF%E0%B0%AF%E0%B1%81-%E0%B0%AD%E0%B0%BE%E0%B0%B7%E0%B0%B2-%E0%B0%95%E0%B1%8B%E0%B0%B8%E0%B0%82-%E0%B0%B8%E0%B1%86%E0%B0%9F%E0%B1%8D%E0%B0%9F%E0%B0%BF%E0%B0%82%E0%B0%97%E0%B1%81%E0%B0%B2%E0%B1%81/ta-p/38516
https://support-stage.allizom.org/kb/Options%20window%20-%20Advanced%20panel-ach#connection_settings,https://support-stage.allizom.org/t5/Manage-preferences-and-add-ons/Advanced-panel-Accessibility-browsing-network-updates-and-other/ta-p/3333#w_connection
https://support-stage.allizom.org/kb/Options%20window%20-%20Advanced%20panel-af#connection_settings,https://support-stage.allizom.org/t5/Manage-preferences-and-add-ons/Advanced-panel-Accessibility-browsing-network-updates-and-other/ta-p/3333#w_connection
https://support-stage.allizom.org/kb/Options%20window%20-%20Advanced%20panel-an#connection_settings,https://support-stage.allizom.org/t5/Manage-preferences-and-add-ons/Advanced-panel-Accessibility-browsing-network-updates-and-other/ta-p/3333#w_connection
https://support-stage.allizom.org/kb/Options%20window%20-%20Advanced%20panel-ar#connection_settings,https://support-stage.allizom.org/t5/Manage-preferences-and-add-ons/%D8%A7%D9%84%D9%84%D9%88%D8%AD%D8%A9-%D8%A7%D9%84%D9%85%D8%AA%D9%82%D8%AF%D9%85%D8%A9-%D8%A5%D8%B9%D8%AF%D8%A7%D8%AF%D8%A7%D8%AA-%D8%A5%D9%85%D9%83%D8%A7%D9%86%D9%8A%D8%A9-%D8%A7%D9%84%D9%88%D8%B5%D9%88%D9%84-%D9%88-%D8%A7%D9%84%D8%AA%D8%B5%D9%81%D8%AD-%D9%88-%D8%A7%D9%84%D8%B4%D8%A8%D9%83%D8%A9-%D9%88/ta-p/32451#w_connection
https://support-stage.allizom.org/kb/Options%20window%20-%20Advanced%20panel-as#connection_settings,https://support-stage.allizom.org/t5/Manage-preferences-and-add-ons/Advanced-panel-Accessibility-browsing-network-updates-and-other/ta-p/3333#w_connection
https://support-stage.allizom.org/kb/Options%20window%20-%20Advanced%20panel-ast#connection_settings,https://support-stage.allizom.org/t5/Manage-preferences-and-add-ons/Advanced-panel-Accessibility-browsing-network-updates-and-other/ta-p/3333#w_connection
https://support-stage.allizom.org/kb/Options%20window%20-%20Advanced%20panel-az#connection_settings,https://support-stage.allizom.org/t5/Manage-preferences-and-add-ons/Advanced-panel-Accessibility-browsing-network-updates-and-other/ta-p/3333#w_connection
https://support-stage.allizom.org/kb/Options%20window%20-%20Advanced%20panel-bg#connection_settings,https://support-stage.allizom.org/t5/Manage-preferences-and-add-ons/Advanced-panel-Accessibility-browsing-network-updates-and-other/ta-p/3333#w_connection
https://support-stage.allizom.org/kb/Options%20window%20-%20Advanced%20panel-bn-BD#connection_settings,https://support-stage.allizom.org/t5/Manage-preferences-and-add-ons/Advanced-panel-Accessibility-browsing-network-updates-and-other/ta-p/3333#connection_settings
https://support-stage.allizom.org/kb/Options%20window%20-%20Advanced%20panel-bn-IN#connection_settings,https://support-stage.allizom.org/t5/Manage-preferences-and-add-ons/Advanced-panel-Accessibility-browsing-network-updates-and-other/ta-p/3333#w_connection
https://support-stage.allizom.org/kb/Options%20window%20-%20Advanced%20panel-br#connection_settings,https://support-stage.allizom.org/t5/Manage-preferences-and-add-ons/Advanced-panel-Accessibility-browsing-network-updates-and-other/ta-p/3333#w_connection
https://support-stage.allizom.org/kb/Options%20window%20-%20Advanced%20panel-bs#connection_settings,https://support-stage.allizom.org/t5/Manage-preferences-and-add-ons/Advanced-panel-Accessibility-browsing-network-updates-and-other/ta-p/3333#w_connection
https://support-stage.allizom.org/kb/Options%20window%20-%20Advanced%20panel-ca#connection_settings,https://support-stage.allizom.org/t5/Manage-preferences-and-add-ons/Advanced-panel-Accessibility-browsing-network-updates-and-other/ta-p/3333#w_connection
https://support-stage.allizom.org/kb/Options%20window%20-%20Advanced%20panel-cak#connection_settings,https://support-stage.allizom.org/t5/Manage-preferences-and-add-ons/Advanced-panel-Accessibility-browsing-network-updates-and-other/ta-p/3333#w_connection
https://support-stage.allizom.org/kb/Options%20window%20-%20Advanced%20panel-cs#connection_settings,https://support-stage.allizom.org/t5/Spr%C3%A1va-p%C5%99edvoleb-a-dopl%C5%88k%C5%AF/Nastaven%C3%AD-Firefoxu-sekce-Roz%C5%A1%C3%AD%C5%99en%C3%A9/ta-p/10160#w_podsekce-sagac
https://support-stage.allizom.org/kb/Options%20window%20-%20Advanced%20panel-cy#connection_settings,https://support-stage.allizom.org/t5/Manage-preferences-and-add-ons/Advanced-panel-Accessibility-browsing-network-updates-and-other/ta-p/3333#w_connection
https://support-stage.allizom.org/kb/Options%20window%20-%20Advanced%20panel-da#connection_settings,https://support-stage.allizom.org/t5/H%C3%A5ndter-indstillinger-og/Avancerede-indstillinger-for-tilg%C3%A6ngelighed-surfing-datadeling/ta-p/11846#w_forbindelse
https://support-stage.allizom.org/kb/Options%20window%20-%20Advanced%20panel-de#connection_settings,https://support-stage.allizom.org/t5/Einstellungen-und-Add-ons/Erweiterte-Einstellungen-f%C3%BCr-Zug%C3%A4nglichkeit-Surfen/ta-p/14780#w_verbindung
https://support-stage.allizom.org/kb/Options%20window%20-%20Advanced%20panel-dsb#connection_settings,https://support-stage.allizom.org/t5/Manage-preferences-and-add-ons/Roz%C5%A1yrjone-nastajenja-p%C5%9Bistupnos%C4%87-p%C5%9Begl%C4%9Bdowanje-se%C5%9B/ta-p/31172#w_rejtark-seau
https://support-stage.allizom.org/kb/Options%20window%20-%20Advanced%20panel-el#connection_settings,https://support-stage.allizom.org/t5/Manage-preferences-and-add-ons/Advanced-panel-Accessibility-browsing-network-updates-and-other/ta-p/3333#w_connection
https://support-stage.allizom.org/kb/Options%20window%20-%20Advanced%20panel-en-GB#connection_settings,https://support-stage.allizom.org/t5/Manage-preferences-and-add-ons/Advanced-panel-Accessibility-browsing-network-updates-and-other/ta-p/3333#w_connection
https://support-stage.allizom.org/kb/Options%20window%20-%20Advanced%20panel-en-US#connection_settings,https://support-stage.allizom.org/t5/Manage-preferences-and-add-ons/Advanced-panel-Accessibility-browsing-network-updates-and-other/ta-p/3333#w_connection
https://support-stage.allizom.org/kb/Options%20window%20-%20Advanced%20panel-en-ZA#connection_settings,https://support-stage.allizom.org/t5/Manage-preferences-and-add-ons/Advanced-panel-Accessibility-browsing-network-updates-and-other/ta-p/3333#w_connection
https://support-stage.allizom.org/kb/Options%20window%20-%20Advanced%20panel-eo#connection_settings,https://support-stage.allizom.org/t5/Manage-preferences-and-add-ons/Advanced-panel-Accessibility-browsing-network-updates-and-other/ta-p/3333#w_connection
https://support-stage.allizom.org/kb/Options%20window%20-%20Advanced%20panel-es-AR#connection_settings,https://support-stage.allizom.org/t5/Administrar-preferencias-y/Configuraciones-avanzadas-de-accesibilidad-navegaci%C3%B3n-opciones/ta-p/8709#w_conexiahn
https://support-stage.allizom.org/kb/Options%20window%20-%20Advanced%20panel-es-CL#connection_settings,https://support-stage.allizom.org/t5/Administrar-preferencias-y/Configuraciones-avanzadas-de-accesibilidad-navegaci%C3%B3n-opciones/ta-p/8709#w_conexiahn
https://support-stage.allizom.org/kb/Options%20window%20-%20Advanced%20panel-es-ES#connection_settings,https://support-stage.allizom.org/t5/Administrar-preferencias-y/Configuraciones-avanzadas-de-accesibilidad-navegaci%C3%B3n-opciones/ta-p/8709#w_conexiahn
https://support-stage.allizom.org/kb/Options%20window%20-%20Advanced%20panel-es-MX#connection_settings,https://support-stage.allizom.org/t5/Administrar-preferencias-y/Configuraciones-avanzadas-de-accesibilidad-navegaci%C3%B3n-opciones/ta-p/8709#w_conexiahn
https://support-stage.allizom.org/kb/Options%20window%20-%20Advanced%20panel-et#connection_settings,https://support-stage.allizom.org/t5/Manage-preferences-and-add-ons/Advanced-panel-Accessibility-browsing-network-updates-and-other/ta-p/3333#w_connection
https://support-stage.allizom.org/kb/Options%20window%20-%20Advanced%20panel-eu#connection_settings,https://support-stage.allizom.org/t5/Manage-preferences-and-add-ons/Advanced-panel-Accessibility-browsing-network-updates-and-other/ta-p/3333#w_connection
https://support-stage.allizom.org/kb/Options%20window%20-%20Advanced%20panel-fa#connection_settings,https://support-stage.allizom.org/t5/Manage-preferences-and-add-ons/Advanced-panel-Accessibility-browsing-network-updates-and-other/ta-p/3333#w_connection
https://support-stage.allizom.org/kb/Options%20window%20-%20Advanced%20panel-ff#connection_settings,https://support-stage.allizom.org/t5/Manage-preferences-and-add-ons/Advanced-panel-Accessibility-browsing-network-updates-and-other/ta-p/3333#w_connection
https://support-stage.allizom.org/kb/Options%20window%20-%20Advanced%20panel-fi#connection_settings,https://support-stage.allizom.org/t5/Manage-preferences-and-add-ons/Advanced-panel-Accessibility-browsing-network-updates-and-other/ta-p/3333#w_connection
https://support-stage.allizom.org/kb/Options%20window%20-%20Advanced%20panel-fr#connection_settings,https://support-stage.allizom.org/t5/Manage-preferences-and-add-ons/Param%C3%A8tres-pour-les-polices-langues-fen%C3%AAtres-popup-images-et/ta-p/12309
https://support-stage.allizom.org/kb/Options%20window%20-%20Advanced%20panel-fy-NL#connection_settings,https://support-stage.allizom.org/t5/Manage-preferences-and-add-ons/Advanced-panel-Accessibility-browsing-network-updates-and-other/ta-p/3333#w_connection
https://support-stage.allizom.org/kb/Options%20window%20-%20Advanced%20panel-ga-IE#connection_settings,https://support-stage.allizom.org/t5/Manage-preferences-and-add-ons/Advanced-panel-Accessibility-browsing-network-updates-and-other/ta-p/3333#w_connection
https://support-stage.allizom.org/kb/Options%20window%20-%20Advanced%20panel-gd#connection_settings,https://support-stage.allizom.org/t5/Manage-preferences-and-add-ons/Advanced-panel-Accessibility-browsing-network-updates-and-other/ta-p/3333#w_connection
https://support-stage.allizom.org/kb/Options%20window%20-%20Advanced%20panel-gl#connection_settings,https://support-stage.allizom.org/t5/Manage-preferences-and-add-ons/Advanced-panel-Accessibility-browsing-network-updates-and-other/ta-p/3333#w_connection
https://support-stage.allizom.org/kb/Options%20window%20-%20Advanced%20panel-gn#connection_settings,https://support-stage.allizom.org/t5/Manage-preferences-and-add-ons/Advanced-panel-Accessibility-browsing-network-updates-and-other/ta-p/3333#w_connection
https://support-stage.allizom.org/kb/Options%20window%20-%20Advanced%20panel-gu-IN#connection_settings,https://support-stage.allizom.org/t5/Manage-preferences-and-add-ons/Advanced-panel-Accessibility-browsing-network-updates-and-other/ta-p/3333#w_connection
https://support-stage.allizom.org/kb/Options%20window%20-%20Advanced%20panel-he#connection_settings,https://support-stage.allizom.org/t5/Manage-preferences-and-add-ons/Advanced-panel-Accessibility-browsing-network-updates-and-other/ta-p/3333#w_connection
https://support-stage.allizom.org/kb/Options%20window%20-%20Advanced%20panel-hi-IN#connection_settings,https://support-stage.allizom.org/t5/Manage-preferences-and-add-ons/Advanced-panel-Accessibility-browsing-network-updates-and-other/ta-p/3333#w_connection
https://support-stage.allizom.org/kb/Options%20window%20-%20Advanced%20panel-hr#connection_settings,https://support-stage.allizom.org/t5/Manage-preferences-and-add-ons/Advanced-panel-Accessibility-browsing-network-updates-and-other/ta-p/3333#w_connection
https://support-stage.allizom.org/kb/Options%20window%20-%20Advanced%20panel-hsb#connection_settings,https://support-stage.allizom.org/t5/Manage-preferences-and-add-ons/Roz%C5%A1%C4%9Brjene-nastajenja-p%C5%99istupnos%C4%87-p%C5%99ehladowanje-sy%C4%87/ta-p/38047#w_rajtark-syli
https://support-stage.allizom.org/kb/Options%20window%20-%20Advanced%20panel-hu#connection_settings,https://support-stage.allizom.org/t5/Manage-preferences-and-add-ons/Speci%C3%A1lis-be%C3%A1ll%C3%ADt%C3%A1sok/ta-p/21891#w_kapcsolat
https://support-stage.allizom.org/kb/Options%20window%20-%20Advanced%20panel-hy-AM#connection_settings,https://support-stage.allizom.org/t5/Manage-preferences-and-add-ons/Advanced-panel-Accessibility-browsing-network-updates-and-other/ta-p/3333#w_connection
https://support-stage.allizom.org/kb/Options%20window%20-%20Advanced%20panel-id#connection_settings,https://support-stage.allizom.org/t5/Manage-preferences-and-add-ons/Advanced-panel-Accessibility-browsing-network-updates-and-other/ta-p/3333#w_connection
https://support-stage.allizom.org/kb/Options%20window%20-%20Advanced%20panel-is#connection_settings,https://support-stage.allizom.org/t5/Manage-preferences-and-add-ons/Advanced-panel-Accessibility-browsing-network-updates-and-other/ta-p/3333#w_connection
https://support-stage.allizom.org/kb/Options%20window%20-%20Advanced%20panel-it#connection_settings,https://support-stage.allizom.org/t5/Manage-preferences-and-add-ons/Impostazioni-di-Firefox-pannello-Avanzate/ta-p/5191#w_connessione
https://support-stage.allizom.org/kb/Options%20window%20-%20Advanced%20panel-ja#connection_settings,https://support-stage.allizom.org/t5/Manage-preferences-and-add-ons/%E8%A9%B3%E7%B4%B0%E8%A8%AD%E5%AE%9A-Firefox-%E3%81%AE%E3%82%A2%E3%82%AF%E3%82%BB%E3%82%B7%E3%83%93%E3%83%AA%E3%83%86%E3%82%A3-%E3%83%96%E3%83%A9%E3%82%A6%E3%82%B8%E3%83%B3%E3%82%B0-%E3%83%8D%E3%83%83%E3%83%88%E3%83%AF%E3%83%BC%E3%82%AF-%E6%9B%B4%E6%96%B0-%E3%81%9D%E3%81%AE%E4%BB%96/ta-p/5507#w_scio
https://support-stage.allizom.org/kb/Options%20window%20-%20Advanced%20panel-ja-JP-mac#connection_settings,https://support-stage.allizom.org/t5/Manage-preferences-and-add-ons/%E8%A9%B3%E7%B4%B0%E8%A8%AD%E5%AE%9A-Firefox-%E3%81%AE%E3%82%A2%E3%82%AF%E3%82%BB%E3%82%B7%E3%83%93%E3%83%AA%E3%83%86%E3%82%A3-%E3%83%96%E3%83%A9%E3%82%A6%E3%82%B8%E3%83%B3%E3%82%B0-%E3%83%8D%E3%83%83%E3%83%88%E3%83%AF%E3%83%BC%E3%82%AF-%E6%9B%B4%E6%96%B0-%E3%81%9D%E3%81%AE%E4%BB%96/ta-p/5507#w_scio
https://support-stage.allizom.org/kb/Options%20window%20-%20Advanced%20panel-ka#connection_settings,https://support-stage.allizom.org/t5/Manage-preferences-and-add-ons/Advanced-panel-Accessibility-browsing-network-updates-and-other/ta-p/3333#w_connection
https://support-stage.allizom.org/kb/Options%20window%20-%20Advanced%20panel-kab#connection_settings,https://support-stage.allizom.org/t5/Manage-preferences-and-add-ons/Advanced-panel-Accessibility-browsing-network-updates-and-other/ta-p/3333#w_connection
https://support-stage.allizom.org/kb/Options%20window%20-%20Advanced%20panel-kk#connection_settings,https://support-stage.allizom.org/t5/Manage-preferences-and-add-ons/Advanced-panel-Accessibility-browsing-network-updates-and-other/ta-p/3333#w_connection
https://support-stage.allizom.org/kb/Options%20window%20-%20Advanced%20panel-km#connection_settings,https://support-stage.allizom.org/t5/Manage-preferences-and-add-ons/Advanced-panel-Accessibility-browsing-network-updates-and-other/ta-p/3333#w_connection
https://support-stage.allizom.org/kb/Options%20window%20-%20Advanced%20panel-kn#connection_settings,https://support-stage.allizom.org/t5/Manage-preferences-and-add-ons/Advanced-panel-Accessibility-browsing-network-updates-and-other/ta-p/3333#w_connection
https://support-stage.allizom.org/kb/Options%20window%20-%20Advanced%20panel-ko#connection_settings,https://support-stage.allizom.org/t5/Manage-preferences-and-add-ons/%EC%84%A4%EC%A0%95-%EC%B0%BD-%EA%B3%A0%EA%B8%89-%ED%8C%A8%EB%84%90/ta-p/12804#w_uuhu
https://support-stage.allizom.org/kb/Options%20window%20-%20Advanced%20panel-lij#connection_settings,https://support-stage.allizom.org/t5/Manage-preferences-and-add-ons/Advanced-panel-Accessibility-browsing-network-updates-and-other/ta-p/3333#w_connection
https://support-stage.allizom.org/kb/Options%20window%20-%20Advanced%20panel-lt#connection_settings,https://support-stage.allizom.org/t5/Manage-preferences-and-add-ons/Kitos-valdymo-nar%C5%A1ymo-numatytosios-nar%C5%A1ykl%C4%97s-tinklo-naujinim%C5%B3-ir/ta-p/7046#w_tinklas
https://support-stage.allizom.org/kb/Options%20window%20-%20Advanced%20panel-lv#connection_settings,https://support-stage.allizom.org/t5/Manage-preferences-and-add-ons/Advanced-panel-Accessibility-browsing-network-updates-and-other/ta-p/3333#w_connection
https://support-stage.allizom.org/kb/Options%20window%20-%20Advanced%20panel-mai#connection_settings,https://support-stage.allizom.org/t5/Manage-preferences-and-add-ons/Advanced-panel-Accessibility-browsing-network-updates-and-other/ta-p/3333#w_connection
https://support-stage.allizom.org/kb/Options%20window%20-%20Advanced%20panel-mk#connection_settings,https://support-stage.allizom.org/t5/Manage-preferences-and-add-ons/Advanced-panel-Accessibility-browsing-network-updates-and-other/ta-p/3333#w_connection
https://support-stage.allizom.org/kb/Options%20window%20-%20Advanced%20panel-ml#connection_settings,https://support-stage.allizom.org/t5/Manage-preferences-and-add-ons/Advanced-panel-Accessibility-browsing-network-updates-and-other/ta-p/3333#w_connection
https://support-stage.allizom.org/kb/Options%20window%20-%20Advanced%20panel-mr#connection_settings,https://support-stage.allizom.org/t5/Manage-preferences-and-add-ons/Advanced-panel-Accessibility-browsing-network-updates-and-other/ta-p/3333#w_connection
https://support-stage.allizom.org/kb/Options%20window%20-%20Advanced%20panel-ms#connection_settings,https://support-stage.allizom.org/t5/Manage-preferences-and-add-ons/Advanced-panel-Accessibility-browsing-network-updates-and-other/ta-p/3333#w_connection
https://support-stage.allizom.org/kb/Options%20window%20-%20Advanced%20panel-nb-NO#connection_settings,https://support-stage.allizom.org/t5/Manage-preferences-and-add-ons/Advanced-panel-Accessibility-browsing-network-updates-and-other/ta-p/3333#w_connection
https://support-stage.allizom.org/kb/Options%20window%20-%20Advanced%20panel-nl#connection_settings,https://support-stage.allizom.org/t5/Manage-preferences-and-add-ons/Paneel-Geavanceerd-Toegankelijkheid-navigeren-netwerk-updates-en/ta-p/5210#w_verbinding
https://support-stage.allizom.org/kb/Options%20window%20-%20Advanced%20panel-nn-NO#connection_settings,https://support-stage.allizom.org/t5/Manage-preferences-and-add-ons/Advanced-panel-Accessibility-browsing-network-updates-and-other/ta-p/3333#w_connection
https://support-stage.allizom.org/kb/Options%20window%20-%20Advanced%20panel-or#connection_settings,https://support-stage.allizom.org/t5/Manage-preferences-and-add-ons/Advanced-panel-Accessibility-browsing-network-updates-and-other/ta-p/3333#w_connection
https://support-stage.allizom.org/kb/Options%20window%20-%20Advanced%20panel-pa-IN#connection_settings,https://support-stage.allizom.org/t5/Manage-preferences-and-add-ons/Advanced-panel-Accessibility-browsing-network-updates-and-other/ta-p/3333#w_connection
https://support-stage.allizom.org/kb/Options%20window%20-%20Advanced%20panel-pl#connection_settings,https://support-stage.allizom.org/t5/Manage-preferences-and-add-ons/Okno-opcji-panel-Zaawansowane/ta-p/12480#w_poaaleczenie
https://support-stage.allizom.org/kb/Options%20window%20-%20Advanced%20panel-rm#connection_settings,https://support-stage.allizom.org/t5/Manage-preferences-and-add-ons/Advanced-panel-Accessibility-browsing-network-updates-and-other/ta-p/3333#w_connection
https://support-stage.allizom.org/kb/Options%20window%20-%20Advanced%20panel-ro#connection_settings,https://support-stage.allizom.org/t5/Manage-preferences-and-add-ons/Advanced-panel-Accessibility-browsing-network-updates-and-other/ta-p/3333#connection_settings
https://support-stage.allizom.org/kb/Options%20window%20-%20Advanced%20panel-ru#connection_settings,https://support-stage.allizom.org/t5/Manage-preferences-and-add-ons/%D0%9F%D0%B0%D0%BD%D0%B5%D0%BB%D1%8C-%D0%94%D0%BE%D0%BF%D0%BE%D0%BB%D0%BD%D0%B8%D1%82%D0%B5%D0%BB%D1%8C%D0%BD%D1%8B%D0%B5-%D0%94%D0%BE%D1%81%D1%82%D1%83%D0%BF%D0%BD%D0%BE%D1%81%D1%82%D1%8C-%D0%B2%D0%B5%D0%B1-%D1%81%D1%91%D1%80%D1%84%D0%B8%D0%BD%D0%B3-%D1%81%D0%B5%D1%82%D1%8C-%D0%BE%D0%B1%D0%BD%D0%BE%D0%B2%D0%BB%D0%B5%D0%BD%D0%B8%D1%8F-%D0%B8/ta-p/10288#w_aaiiililii
https://support-stage.allizom.org/kb/Options%20window%20-%20Advanced%20panel-si#connection_settings,https://support-stage.allizom.org/t5/Manage-preferences-and-add-ons/Advanced-panel-Accessibility-browsing-network-updates-and-other/ta-p/3333#w_connection
https://support-stage.allizom.org/kb/Options%20window%20-%20Advanced%20panel-sk#connection_settings,https://support-stage.allizom.org/t5/Manage-preferences-and-add-ons/Nastavenie-Firefoxu-panel-Spresnenie/ta-p/7157#w_pripojenie
https://support-stage.allizom.org/kb/Options%20window%20-%20Advanced%20panel-sl#connection_settings,https://support-stage.allizom.org/t5/Manage-preferences-and-add-ons/Pano-Napredno-nastavitve-za-dostopnost-omre%C5%BEje-posodobitve-in/ta-p/9804#w_povezava
https://support-stage.allizom.org/kb/Options%20window%20-%20Advanced%20panel-son#connection_settings,https://support-stage.allizom.org/t5/Manage-preferences-and-add-ons/Advanced-panel-Accessibility-browsing-network-updates-and-other/ta-p/3333#w_connection
https://support-stage.allizom.org/kb/Options%20window%20-%20Advanced%20panel-sq#connection_settings,https://support-stage.allizom.org/t5/Manage-preferences-and-add-ons/Advanced-panel-Accessibility-browsing-network-updates-and-other/ta-p/3333#w_connection
https://support-stage.allizom.org/kb/Options%20window%20-%20Advanced%20panel-sr#connection_settings,https://support-stage.allizom.org/t5/Manage-preferences-and-add-ons/Advanced-panel-Accessibility-browsing-network-updates-and-other/ta-p/3333#connection_settings
https://support-stage.allizom.org/kb/Options%20window%20-%20Advanced%20panel-sv-SE#connection_settings,https://support-stage.allizom.org/t5/Manage-preferences-and-add-ons/Advanced-panel-Accessibility-browsing-network-updates-and-other/ta-p/3333#connection_settings
https://support-stage.allizom.org/kb/Options%20window%20-%20Advanced%20panel-ta#connection_settings,https://support-stage.allizom.org/t5/Manage-preferences-and-add-ons/Advanced-panel-Accessibility-browsing-network-updates-and-other/ta-p/3333#connection_settings
https://support-stage.allizom.org/kb/Options%20window%20-%20Advanced%20panel-te#connection_settings,https://support-stage.allizom.org/t5/Manage-preferences-and-add-ons/Advanced-panel-Accessibility-browsing-network-updates-and-other/ta-p/3333#connection_settings
https://support-stage.allizom.org/kb/Options%20window%20-%20Advanced%20panel-th#connection_settings,https://support-stage.allizom.org/t5/Manage-preferences-and-add-ons/Advanced-panel-Accessibility-browsing-network-updates-and-other/ta-p/3333#connection_settings
https://support-stage.allizom.org/kb/Options%20window%20-%20Advanced%20panel-tr#connection_settings,https://support-stage.allizom.org/t5/Manage-preferences-and-add-ons/Geli%C5%9Fmi%C5%9F-paneli-Firefox-ta-eri%C5%9Filebilirlik-tarama-sistem/ta-p/18868#w_balalantlg
https://support-stage.allizom.org/kb/Options%20window%20-%20Advanced%20panel-uk#connection_settings,https://support-stage.allizom.org/t5/Manage-preferences-and-add-ons/%D0%9D%D0%B0%D0%BB%D0%B0%D1%88%D1%82%D1%83%D0%B2%D0%B0%D0%BD%D0%BD%D1%8F-%D0%B4%D0%BB%D1%8F-%D0%B2%D0%B5%D0%B1-%D0%B2%D0%BC%D1%96%D1%81%D1%82%D1%83-%D0%B2%D0%B8%D1%80%D0%B8%D0%BD%D0%B0%D1%8E%D1%87%D0%B8%D1%85-%D0%B2%D1%96%D0%BA%D0%BE%D0%BD-%D1%88%D1%80%D0%B8%D1%84%D1%82%D1%96%D0%B2-%D1%82%D0%B0-%D0%BC%D0%BE%D0%B2/ta-p/14147
https://support-stage.allizom.org/kb/Options%20window%20-%20Advanced%20panel-uz#connection_settings,https://support-stage.allizom.org/t5/Manage-preferences-and-add-ons/Advanced-panel-Accessibility-browsing-network-updates-and-other/ta-p/3333#w_connection
https://support-stage.allizom.org/kb/Options%20window%20-%20Advanced%20panel-vi#connection_settings,https://support-stage.allizom.org/t5/Manage-preferences-and-add-ons/Advanced-panel-Accessibility-browsing-network-updates-and-other/ta-p/3333#w_connection
https://support-stage.allizom.org/kb/Options%20window%20-%20Advanced%20panel-xh#connection_settings,https://support-stage.allizom.org/t5/Manage-preferences-and-add-ons/Advanced-panel-Accessibility-browsing-network-updates-and-other/ta-p/3333#w_connection
https://support-stage.allizom.org/kb/Options%20window%20-%20Advanced%20panel-zh-CN#connection_settings,https://support-stage.allizom.org/t5/Manage-preferences-and-add-ons/%E9%A6%96%E9%80%89%E9%A1%B9%E7%AA%97%E5%8F%A3-%E9%AB%98%E7%BA%A7%E9%9D%A2%E6%9D%BF/ta-p/7651#connection_settings
https://support-stage.allizom.org/kb/Options%20window%20-%20Advanced%20panel-zh-TW#connection_settings,https://support-stage.allizom.org/t5/Manage-preferences-and-add-ons/%E9%87%9D%E5%B0%8D%E7%84%A1%E9%9A%9C%E7%A4%99-%E7%80%8F%E8%A6%BD-%E7%B3%BB%E7%B5%B1%E9%A0%90%E8%A8%AD%E5%80%BC-%E7%B6%B2%E8%B7%AF-%E6%9B%B4%E6%96%B0-%E5%8A%A0%E5%AF%86%E8%A8%AD%E5%AE%9A%E7%9A%84%E9%80%B2%E9%9A%8E%E8%A8%AD%E5%AE%9A/ta-p/10838
https://support-stage.allizom.org/kb/Options%20window%20-%20Applications%20panel-ja,https://support-stage.allizom.org/t5/Manage-preferences-and-add-ons/%E3%82%B3%E3%83%B3%E3%83%86%E3%83%B3%E3%83%84%E8%A8%AD%E5%AE%9A-%E3%82%A6%E3%82%A7%E3%83%96%E3%82%B3%E3%83%B3%E3%83%86%E3%83%B3%E3%83%84-%E3%83%9D%E3%83%83%E3%83%97%E3%82%A2%E3%83%83%E3%83%97-%E3%83%95%E3%82%A9%E3%83%B3%E3%83%88-%E8%A8%80%E8%AA%9E/ta-p/15154
https://support-stage.allizom.org/kb/Options%20window%20-%20Applications%20panel-ja-JP-mac,https://support-stage.allizom.org/t5/Manage-preferences-and-add-ons/%E3%83%97%E3%83%A9%E3%82%A4%E3%83%90%E3%82%B7%E3%83%BC%E8%A8%AD%E5%AE%9A-%E3%83%96%E3%83%A9%E3%82%A6%E3%82%BA%E5%B1%A5%E6%AD%B4-%E8%BF%BD%E8%B7%A1%E6%8B%92%E5%90%A6/ta-p/15238
https://support-stage.allizom.org/kb/Options%20window%20-%20Privacy%20panel-ja,https://support-stage.allizom.org/t5/Manage-preferences-and-add-ons/%E3%83%97%E3%83%A9%E3%82%A4%E3%83%90%E3%82%B7%E3%83%BC%E8%A8%AD%E5%AE%9A-%E3%83%96%E3%83%A9%E3%82%A6%E3%82%BA%E5%B1%A5%E6%AD%B4-%E8%BF%BD%E8%B7%A1%E6%8B%92%E5%90%A6/ta-p/15238
https://support-stage.allizom.org/kb/Options%20window%20-%20Privacy%20panel-ja-JP-mac,https://support-stage.allizom.org/t5/Manage-preferences-and-add-ons/%E3%83%97%E3%83%A9%E3%82%A4%E3%83%90%E3%82%B7%E3%83%BC%E8%A8%AD%E5%AE%9A-%E3%83%96%E3%83%A9%E3%82%A6%E3%82%BA%E5%B1%A5%E6%AD%B4-%E8%BF%BD%E8%B7%A1%E6%8B%92%E5%90%A6/ta-p/15238
https://support-stage.allizom.org/kb/Options%20window%20-%20Content%20panel-da#fonts_and_colors,https://support-stage.allizom.org/t5/H%C3%A5ndter-indstillinger-og/Indstillinger-for-skrifttyper-sprog-og-pop-op-vinduer/ta-p/16423#w_skrifttyper-farver
https://support-stage.allizom.org/kb/Options%20window%20-%20Content%20panel-el#fonts_and_colors,https://support-stage.allizom.org/t5/Manage-preferences-and-add-ons/Settings-for-web-content-pop-ups-fonts-and-languages/ta-p/1113#w_fonts-colors
https://support-stage.allizom.org/kb/Options%20window%20-%20Content%20panel-fa#fonts_and_colors,https://support-stage.allizom.org/t5/Manage-preferences-and-add-ons/Settings-for-web-content-pop-ups-fonts-and-languages/ta-p/1113#w_fonts-colors
https://support-stage.allizom.org/kb/Options%20window%20-%20Content%20panel-hr#fonts_and_colors,https://support-stage.allizom.org/t5/Manage-preferences-and-add-ons/Wobsah-Nastajenja-za-wuskakowace-wokna-pisma-a-r%C4%9B%C4%8De/ta-p/35099#w_pisma-a-barby
https://support-stage.allizom.org/kb/Options%20window%20-%20Content%20panel-hu#fonts_and_colors,https://support-stage.allizom.org/t5/Manage-preferences-and-add-ons/Tartalom-felugr%C3%B3-ablakok-bet%C5%B1t%C3%ADpusok-%C3%A9s-nyelvek-be%C3%A1ll%C3%ADt%C3%A1sa/ta-p/29804#w_betagk-aes-szagnek
https://support-stage.allizom.org/kb/Options%20window%20-%20Content%20panel-ja#fonts_and_colors,https://support-stage.allizom.org/t5/Manage-preferences-and-add-ons/%E3%82%B3%E3%83%B3%E3%83%86%E3%83%B3%E3%83%84%E8%A8%AD%E5%AE%9A-%E3%82%A6%E3%82%A7%E3%83%96%E3%82%B3%E3%83%B3%E3%83%86%E3%83%B3%E3%83%84-%E3%83%9D%E3%83%83%E3%83%97%E3%82%A2%E3%83%83%E3%83%97-%E3%83%95%E3%82%A9%E3%83%B3%E3%83%88-%E8%A8%80%E8%AA%9E/ta-p/15154#w_ciaechcnaetcolors
https://support-stage.allizom.org/kb/Options%20window%20-%20Content%20panel-ja-JP-mac#fonts_and_colors,https://support-stage.allizom.org/t5/Manage-preferences-and-add-ons/%E3%82%B3%E3%83%B3%E3%83%86%E3%83%B3%E3%83%84%E8%A8%AD%E5%AE%9A-%E3%82%A6%E3%82%A7%E3%83%96%E3%82%B3%E3%83%B3%E3%83%86%E3%83%B3%E3%83%84-%E3%83%9D%E3%83%83%E3%83%97%E3%82%A2%E3%83%83%E3%83%97-%E3%83%95%E3%82%A9%E3%83%B3%E3%83%88-%E8%A8%80%E8%AA%9E/ta-p/15154#w_ciaechcnaetcolors
https://support-stage.allizom.org/kb/Options%20window%20-%20Content%20panel-ko#fonts_and_colors,https://support-stage.allizom.org/t5/Manage-preferences-and-add-ons/Settings-for-web-content-pop-ups-fonts-and-languages/ta-p/1113#w_fonts-colors
https://support-stage.allizom.org/kb/Options%20window%20-%20Content%20panel-nl#fonts_and_colors,https://support-stage.allizom.org/t5/Manage-preferences-and-add-ons/Instellingen-voor-webinhoud-pop-ups-lettertypen-en-talen/ta-p/7428#w_lettertypen-kleuren
https://support-stage.allizom.org/kb/Options%20window%20-%20Content%20panel-pt-PT#fonts_and_colors,https://support-stage.allizom.org/t5/Manage-preferences-and-add-ons/Defini%C3%A7%C3%B5es-de-conte%C3%BAdo-Web-pop-ups-tipos-de-letra-e-idiomas/ta-p/6674#w_cores-e-tipos-de-letra
https://support-stage.allizom.org/kb/Options%20window%20-%20Content%20panel-sk#fonts_and_colors,https://support-stage.allizom.org/t5/Manage-preferences-and-add-ons/Nastavenie-Firefoxu-panel-Obsah/ta-p/7120#w_pagsma-a-farby
https://support-stage.allizom.org/kb/Options%20window%20-%20Content%20panel-sl#fonts_and_colors,https://support-stage.allizom.org/t5/Manage-preferences-and-add-ons/Nastavitve-za-pisave-jezike-in-pojavna-okna/ta-p/14361#w_pisave-in-barve
https://support-stage.allizom.org/kb/Options%20window%20-%20Content%20panel-ta#fonts_and_colors,https://support-stage.allizom.org/t5/Manage-preferences-and-add-ons/%E0%AE%B5%E0%AE%B2%E0%AF%88-%E0%AE%89%E0%AE%B3%E0%AF%8D%E0%AE%B3%E0%AE%9F%E0%AE%95%E0%AF%8D%E0%AE%95%E0%AE%A4%E0%AF%8D%E0%AE%A4%E0%AF%88-%E0%AE%AA%E0%AE%BE%E0%AE%AA%E0%AF%8D-%E0%AE%85%E0%AE%AA%E0%AF%8D%E0%AE%95%E0%AE%B3%E0%AF%88-%E0%AE%8E%E0%AE%B4%E0%AF%81%E0%AE%A4%E0%AF%8D%E0%AE%A4%E0%AF%81%E0%AE%B0%E0%AF%81%E0%AE%95%E0%AF%8D%E0%AE%95%E0%AE%B3%E0%AF%8D-%E0%AE%AE%E0%AE%B1%E0%AF%8D%E0%AE%B1%E0%AF%81%E0%AE%AE%E0%AF%8D-%E0%AE%AE%E0%AF%86%E0%AE%BE%E0%AE%B4%E0%AE%BF%E0%AE%95%E0%AE%B3%E0%AE%BF%E0%AE%B2%E0%AF%8D/ta-p/39032#w_gggigagiglgighgu
https://support-stage.allizom.org/kb/Options%20window%20-%20Content%20panel-uk#fonts_and_colors,https://support-stage.allizom.org/t5/Manage-preferences-and-add-ons/%D0%9D%D0%B0%D0%BB%D0%B0%D1%88%D1%82%D1%83%D0%B2%D0%B0%D0%BD%D0%BD%D1%8F-%D0%B4%D0%BB%D1%8F-%D0%B2%D0%B5%D0%B1-%D0%B2%D0%BC%D1%96%D1%81%D1%82%D1%83-%D0%B2%D0%B8%D1%80%D0%B8%D0%BD%D0%B0%D1%8E%D1%87%D0%B8%D1%85-%D0%B2%D1%96%D0%BA%D0%BE%D0%BD-%D1%88%D1%80%D0%B8%D1%84%D1%82%D1%96%D0%B2-%D1%82%D0%B0-%D0%BC%D0%BE%D0%B2/ta-p/14147#w_eaieai-i-jakuaai
https://support-stage.allizom.org/kb/Options%20window%20-%20Content%20panel-zh-CN#fonts_and_colors,https://support-stage.allizom.org/t5/Manage-preferences-and-add-ons/%E8%AE%BE%E7%BD%AE%E7%BD%91%E7%BB%9C%E5%86%85%E5%AE%B9-%E5%BC%B9%E5%87%BA%E7%AA%97%E5%8F%A3-%E5%AD%97%E4%BD%93%E5%92%8C%E8%AF%AD%E8%A8%80/ta-p/7628#w_gulecucuoh
https://support-stage.allizom.org/kb/Options%20window%20-%20Content%20panel-zh-TW#fonts_and_colors,https://support-stage.allizom.org/t5/Manage-preferences-and-add-ons/%E5%AD%97%E5%9E%8B-%E8%AA%9E%E8%A8%80-%E5%BD%88%E5%87%BA%E5%9E%8B%E8%A6%96%E7%AA%97-%E5%9C%96%E7%89%87%E4%BB%A5%E5%8F%8A-JavaScript-%E7%9B%B8%E9%97%9C%E8%A8%AD%E5%AE%9A/ta-p/16729#w_guzoniohle
https://support-stage.allizom.org/kb/Clear%20Recent%20History-ja,https://support-stage.allizom.org/t5/%E3%83%97%E3%83%A9%E3%82%A4%E3%83%90%E3%82%B7%E3%83%BC%E3%82%92%E4%BF%9D%E8%AD%B7%E3%81%99%E3%82%8B/%E6%9C%80%E8%BF%91%E3%81%AE%E5%B1%A5%E6%AD%B4%E3%82%92%E6%B6%88%E5%8E%BB%E3%81%99%E3%82%8B/ta-p/15740
https://support-stage.allizom.org/kb/Clear%20Recent%20History-ja-JP-mac,https://support-stage.allizom.org/t5/%E3%83%97%E3%83%A9%E3%82%A4%E3%83%90%E3%82%B7%E3%83%BC%E3%82%92%E4%BF%9D%E8%AD%B7%E3%81%99%E3%82%8B/%E6%9C%80%E8%BF%91%E3%81%AE%E5%B1%A5%E6%AD%B4%E3%82%92%E6%B6%88%E5%8E%BB%E3%81%99%E3%82%8B/ta-p/15740
https://support-stage.allizom.org/kb/Options%20window%20-%20General%20panel-ja,https://support-stage.allizom.org/t5/Manage-preferences-and-add-ons/%E4%B8%80%E8%88%AC%E8%A8%AD%E5%AE%9A-%E8%B5%B7%E5%8B%95-%E3%83%9B%E3%83%BC%E3%83%A0%E3%83%9A%E3%83%BC%E3%82%B8-%E3%82%BF%E3%83%96-%E3%83%80%E3%82%A6%E3%83%B3%E3%83%AD%E3%83%BC%E3%83%89%E3%81%AE%E8%A8%AD%E5%AE%9A/ta-p/9090
https://support-stage.allizom.org/kb/Options%20window%20-%20General%20panel-ja-JP-mac,https://support-stage.allizom.org/t5/Manage-preferences-and-add-ons/%E4%B8%80%E8%88%AC%E8%A8%AD%E5%AE%9A-%E8%B5%B7%E5%8B%95-%E3%83%9B%E3%83%BC%E3%83%A0%E3%83%9A%E3%83%BC%E3%82%B8-%E3%82%BF%E3%83%96-%E3%83%80%E3%82%A6%E3%83%B3%E3%83%AD%E3%83%BC%E3%83%89%E3%81%AE%E8%A8%AD%E5%AE%9A/ta-p/9090
https://support-stage.allizom.org/kb/Keyboard%20shortcuts-ja,https://support-stage.allizom.org/t5/Learn-the-Basics-get-started/Firefox-%E3%81%AE%E3%82%AD%E3%83%BC%E3%83%9C%E3%83%BC%E3%83%89%E3%82%B7%E3%83%A7%E3%83%BC%E3%83%88%E3%82%AB%E3%83%83%E3%83%88/ta-p/15164
https://support-stage.allizom.org/kb/Keyboard%20shortcuts-ja-JP-mac,https://support-stage.allizom.org/t5/Learn-the-Basics-get-started/Firefox-%E3%81%AE%E3%82%AD%E3%83%BC%E3%83%9C%E3%83%BC%E3%83%89%E3%82%B7%E3%83%A7%E3%83%BC%E3%83%88%E3%82%AB%E3%83%83%E3%83%88/ta-p/15164
https://support-stage.allizom.org/kb/Plugin%20crash%20reports-ar,https://support-stage.allizom.org/t5/Problems-with-add-ons-plugins-or/Send-plugin-crash-reports-to-help-Mozilla-improve-Firefox/ta-p/3131
https://support-stage.allizom.org/kb/Plugin%20crash%20reports-cs,https://support-stage.allizom.org/t5/Probl%C3%A9my-s-dopl%C5%88ky-z%C3%A1suvn%C3%BDmi/Odesl%C3%A1n%C3%AD-hl%C3%A1%C5%A1en%C3%AD-o-p%C3%A1du-z%C3%A1suvn%C3%A9ho-modulu/ta-p/13088
https://support-stage.allizom.org/kb/Plugin%20crash%20reports-da,https://support-stage.allizom.org/t5/Problemer-med-tilf%C3%B8jelser/Send-fejlrapporter-om-plugin-for-at-hj%C3%A6lpe-Mozilla-med-at/ta-p/14433
https://support-stage.allizom.org/kb/Plugin%20crash%20reports-dsb,https://support-stage.allizom.org/t5/Problems-with-add-ons-plugins-or/P%C3%B3s%C4%87el%C4%87e-rozprawy-wo-spadach-tyka%C4%8Dow-zo-by%C5%A1%C4%87e-Mozilla-pomha%C5%82/ta-p/36253
https://support-stage.allizom.org/kb/Plugin%20crash%20reports-el,https://support-stage.allizom.org/t5/Problems-with-add-ons-plugins-or/%CE%91%CF%80%CE%BF%CF%83%CF%84%CE%BF%CE%BB%CE%AE-%CE%B1%CE%BD%CE%B1%CF%86%CE%BF%CF%81%CF%8E%CE%BD-%CE%BA%CE%B1%CF%84%CE%AC%CF%81%CF%81%CE%B5%CF%85%CF%83%CE%B7%CF%82-%CF%80%CF%81%CE%BF%CF%83%CE%B8%CE%AD%CF%84%CF%89%CE%BD-%CF%83%CF%84%CE%B7-Mozilla-%CE%B3%CE%B9%CE%B1-%CE%B2%CE%B5%CE%BB%CF%84%CE%AF%CF%89%CF%83%CE%B7/ta-p/16503
https://support-stage.allizom.org/kb/Plugin%20crash%20reports-fi,https://support-stage.allizom.org/t5/Problems-with-add-ons-plugins-or/L%C3%A4het%C3%A4-liit%C3%A4nn%C3%A4isten-kaatumisilmoituksia-ja-auta-Mozillaa/ta-p/12897
https://support-stage.allizom.org/kb/Plugin%20crash%20reports-hu,https://support-stage.allizom.org/t5/Problems-with-add-ons-plugins-or/B%C5%91v%C3%ADtm%C3%A9ny-%C3%B6sszeoml%C3%A1s%C3%A1nak-jelent%C3%A9se/ta-p/6026
https://support-stage.allizom.org/kb/Plugin%20crash%20reports-id,https://support-stage.allizom.org/t5/Problems-with-add-ons-plugins-or/Kirimkan-laporan-kerusakan-plugin-untuk-membantu-Mozilla/ta-p/16399